{"uid":"b1a8273437954620fa374b796ffaacdd","name":"behaviors","children":[{"name":"项目名称：测试项目","children":[{"name":"模块名称：上传文件","children":[{"name":"页面名称：禅道伙伴","children":[{"name":"用例名称：上传图片","uid":"2fcbaaba807a4b25","parentUid":"0183d9d462d1bb37a8729a4ee737899e","status":"passed","time":{"start":1757476474288,"stop":1757476480198,"duration":5910},"flaky":false,"newFailed":false,"newPassed":false,"newBroken":false,"retriesCount":0,"retriesStatusChange":false,"parameters":[],"tags":["smoke"]}],"uid":"0183d9d462d1bb37a8729a4ee737899e"}],"uid":"75926b9f4388717c868ce02d511973f2"}],"uid":"c746ded06da820708261476aa0c957ae"}]}