{"uid":"98d3104e051c652961429bf95fa0b5d6","name":"suites","children":[{"name":"POM.testcases","children":[{"name":"test_cd","children":[{"name":"Test_cd","children":[{"name":"用例名称：上传图片","uid":"2fcbaaba807a4b25","parentUid":"4f617bc2a8415b382542e825fc155e5c","status":"passed","time":{"start":1757476474288,"stop":1757476480198,"duration":5910},"flaky":false,"newFailed":false,"newPassed":false,"newBroken":false,"retriesCount":0,"retriesStatusChange":false,"parameters":[],"tags":["smoke"]}],"uid":"4f617bc2a8415b382542e825fc155e5c"}],"uid":"c18c242541208c89a76760f5e9e5db98"}],"uid":"1f91537bf667cb4894ad4967638fc917"}]}