{"uid":"ab17fc5a4eb3bca4b216b548c7f9fcbc","name":"timeline","children":[{"name":"ThinkBook","children":[{"name":"18312-MainThread","children":[{"name":"用例名称：上传图片","uid":"2fcbaaba807a4b25","parentUid":"d43071bbc674a52251b207c8a55fe281","status":"passed","time":{"start":1757476474288,"stop":1757476480198,"duration":5910},"flaky":false,"newFailed":false,"newPassed":false,"newBroken":false,"retriesCount":0,"retriesStatusChange":false,"parameters":[],"tags":["smoke"]}],"uid":"d43071bbc674a52251b207c8a55fe281"}],"uid":"a299432892b4bf79faa75e6174b16782"}]}