{"936c17fff54ccb82234dbae4e4d57cb2":{"statistic":{"failed":0,"broken":1,"skipped":0,"passed":0,"unknown":0,"total":1},"items":[{"uid":"ebd72b57fc08a4b5","status":"broken","statusDetails":"selenium.common.exceptions.SessionNotCreatedException: Message: session not created: No matching capabilities found\nStacktrace:\n\tGetHandleVerifier [0x0x7ff7bede3f15+18309]\n\t(No symbol) [0x0x7ff7bed515c0]\n\tGetHandleVerifier [0x0x7ff7befd8f4c+2070460]\n\t(No symbol) [0x0x7ff7bebc9f3b]\n\t(No symbol) [0x0x7ff7bebc90e7]\n\t(No symbol) [0x0x7ff7bebcadf0]\n\t(No symbol) [0x0x7ff7bebbf943]\n\t(No symbol) [0x0x7ff7beb938e6]\n\t(No symbol) [0x0x7ff7beb92b52]\n\t(No symbol) [0x0x7ff7beb93723]\n\t(No symbol) [0x0x7ff7bec82f75]\n\t(No symbol) [0x0x7ff7bec8e74d]\n\tGetHandleVerifier [0x0x7ff7bee79603+630387]\n\tGetHandleVerifier [0x0x7ff7bee811a1+662033]\n\t(No symbol) [0x0x7ff7bed5d6a9]\n\t(No symbol) [0x0x7ff7bed57044]\n\t(No symbol) [0x0x7ff7bed57193]\n\t(No symbol) [0x0x7ff7bed4b016]\n\tBaseThreadInitThunk [0x0x7ffb96b0e8d7+23]\n\tRtlUserThreadStart [0x0x7ffb97328d9c+44]","time":{"start":1760491474488,"stop":1760491474488,"duration":0}}]},"bfa2660ce5a5760417acefc51b0e9311":{"statistic":{"failed":0,"broken":1,"skipped":0,"passed":0,"unknown":0,"total":1},"items":[{"uid":"1ab022c44833ec44","status":"broken","statusDetails":"selenium.common.exceptions.SessionNotCreatedException: Message: session not created: No matching capabilities found\nStacktrace:\n\tGetHandleVerifier [0x0x7ff7bede3f15+18309]\n\t(No symbol) [0x0x7ff7bed515c0]\n\tGetHandleVerifier [0x0x7ff7befd8f4c+2070460]\n\t(No symbol) [0x0x7ff7bebc9f3b]\n\t(No symbol) [0x0x7ff7bebc90e7]\n\t(No symbol) [0x0x7ff7bebcadf0]\n\t(No symbol) [0x0x7ff7bebbf943]\n\t(No symbol) [0x0x7ff7beb938e6]\n\t(No symbol) [0x0x7ff7beb92b52]\n\t(No symbol) [0x0x7ff7beb93723]\n\t(No symbol) [0x0x7ff7bec82f75]\n\t(No symbol) [0x0x7ff7bec8e74d]\n\tGetHandleVerifier [0x0x7ff7bee79603+630387]\n\tGetHandleVerifier [0x0x7ff7bee811a1+662033]\n\t(No symbol) [0x0x7ff7bed5d6a9]\n\t(No symbol) [0x0x7ff7bed57044]\n\t(No symbol) [0x0x7ff7bed57193]\n\t(No symbol) [0x0x7ff7bed4b016]\n\tBaseThreadInitThunk [0x0x7ffb96b0e8d7+23]\n\tRtlUserThreadStart [0x0x7ffb97328d9c+44]","time":{"start":1760491474511,"stop":1760491474511,"duration":0}}]},"1fd01ab6896464df1f6feeab62361621":{"statistic":{"failed":0,"broken":1,"skipped":0,"passed":0,"unknown":0,"total":1},"items":[{"uid":"8326d0f2579bbc92","status":"broken","statusDetails":"selenium.common.exceptions.SessionNotCreatedException: Message: session not created: No matching capabilities found\nStacktrace:\n\tGetHandleVerifier [0x0x7ff7bede3f15+18309]\n\t(No symbol) [0x0x7ff7bed515c0]\n\tGetHandleVerifier [0x0x7ff7befd8f4c+2070460]\n\t(No symbol) [0x0x7ff7bebc9f3b]\n\t(No symbol) [0x0x7ff7bebc90e7]\n\t(No symbol) [0x0x7ff7bebcadf0]\n\t(No symbol) [0x0x7ff7bebbf943]\n\t(No symbol) [0x0x7ff7beb938e6]\n\t(No symbol) [0x0x7ff7beb92b52]\n\t(No symbol) [0x0x7ff7beb93723]\n\t(No symbol) [0x0x7ff7bec82f75]\n\t(No symbol) [0x0x7ff7bec8e74d]\n\tGetHandleVerifier [0x0x7ff7bee79603+630387]\n\tGetHandleVerifier [0x0x7ff7bee811a1+662033]\n\t(No symbol) [0x0x7ff7bed5d6a9]\n\t(No symbol) [0x0x7ff7bed57044]\n\t(No symbol) [0x0x7ff7bed57193]\n\t(No symbol) [0x0x7ff7bed4b016]\n\tBaseThreadInitThunk [0x0x7ffb96b0e8d7+23]\n\tRtlUserThreadStart [0x0x7ffb97328d9c+44]","time":{"start":1760491471553,"stop":1760491471553,"duration":0}}]}}