{"23571aec44c82cd99c2a96f2a5f901ef":{"statistic":{"failed":0,"broken":0,"skipped":0,"passed":1,"unknown":0,"total":1},"items":[{"uid":"dd69576b4b605ddb","status":"passed","time":{"start":1760529803229,"stop":1760529806345,"duration":3116}}]},"48295cde3d9cc8c092a5f88fa6f4a5d3":{"statistic":{"failed":0,"broken":0,"skipped":0,"passed":1,"unknown":0,"total":1},"items":[{"uid":"42e5a4e95cdfb008","status":"passed","time":{"start":1760529801051,"stop":1760529803225,"duration":2174}}]},"566da870085e7b1b654cc917d8e176f2":{"statistic":{"failed":0,"broken":0,"skipped":0,"passed":1,"unknown":0,"total":1},"items":[{"uid":"6ee521d72d21167a","status":"passed","time":{"start":1760529759666,"stop":1760529767378,"duration":7712}}]},"44d5f68742d274ac4a3dfafb368ebd23":{"statistic":{"failed":0,"broken":0,"skipped":0,"passed":1,"unknown":0,"total":1},"items":[{"uid":"2087e0bf5004d1aa","status":"passed","time":{"start":1760529797604,"stop":1760529801048,"duration":3444}}]},"fd0b5886a405fcbec29b56e118c7d665":{"statistic":{"failed":0,"broken":0,"skipped":0,"passed":1,"unknown":0,"total":1},"items":[{"uid":"c8d72033aa0a2f24","status":"passed","time":{"start":1760529781084,"stop":1760529792329,"duration":11245}}]},"7d0f8e57825a990b8a46264aa3acd18b":{"statistic":{"failed":0,"broken":0,"skipped":0,"passed":1,"unknown":0,"total":1},"items":[{"uid":"f5dc6610f8fac18c","status":"passed","time":{"start":1760529767385,"stop":1760529771106,"duration":3721}}]},"9df7cd46f5eac02184c59fa7b64b85a2":{"statistic":{"failed":0,"broken":0,"skipped":0,"passed":1,"unknown":0,"total":1},"items":[{"uid":"b0d9ef9bb7e295de","status":"passed","time":{"start":1760529794537,"stop":1760529797601,"duration":3064}}]},"fd5d7ff6946c1dcefd511d7457238af0":{"statistic":{"failed":0,"broken":0,"skipped":0,"passed":1,"unknown":0,"total":1},"items":[{"uid":"400440db2d2fa7e5","status":"passed","time":{"start":1760529715380,"stop":1760529717647,"duration":2267}}]},"762533a37bf2bbcbfc1b7926453e49d8":{"statistic":{"failed":0,"broken":0,"skipped":0,"passed":1,"unknown":0,"total":1},"items":[{"uid":"88f9fe7de2aad34","status":"passed","time":{"start":1760529777682,"stop":1760529781080,"duration":3398}}]},"037fdee3e23ffa6c920c306141f48b8e":{"statistic":{"failed":0,"broken":0,"skipped":0,"passed":1,"unknown":0,"total":1},"items":[{"uid":"f1754c5c22daddd9","status":"passed","time":{"start":1760529806351,"stop":1760529809464,"duration":3113}}]},"147ed535fd0edf3ade159ce499202667":{"statistic":{"failed":0,"broken":0,"skipped":0,"passed":1,"unknown":0,"total":1},"items":[{"uid":"9aa58976c7c0fa27","status":"passed","time":{"start":1760529792340,"stop":1760529794534,"duration":2194}}]},"d561403b9c9b33e14cba4762cf93d644":{"statistic":{"failed":0,"broken":0,"skipped":0,"passed":1,"unknown":0,"total":1},"items":[{"uid":"364167d58f0e1925","status":"passed","time":{"start":1760529771112,"stop":1760529774344,"duration":3232}}]},"7ee8cfd822fcbb2408fd2d6cf1f59059":{"statistic":{"failed":0,"broken":0,"skipped":0,"passed":1,"unknown":0,"total":1},"items":[{"uid":"698f55db3ce02627","status":"passed","time":{"start":1760529809468,"stop":1760529811893,"duration":2425}}]},"0776d611c7fafa744876190e1beac901":{"statistic":{"failed":0,"broken":0,"skipped":0,"passed":1,"unknown":0,"total":1},"items":[{"uid":"8a230f67e8e907eb","status":"passed","time":{"start":1760529721358,"stop":1760529724588,"duration":3230}}]},"fb7e868267ae984b5d053d4971df9e3c":{"statistic":{"failed":0,"broken":0,"skipped":0,"passed":1,"unknown":0,"total":1},"items":[{"uid":"e1c7c9344d347328","status":"passed","time":{"start":1760529724592,"stop":1760529750361,"duration":25769}}]},"40fde6398b93767e9c028f78e3436b8a":{"statistic":{"failed":0,"broken":0,"skipped":0,"passed":1,"unknown":0,"total":1},"items":[{"uid":"888ee0cf2a427dca","status":"passed","time":{"start":1760529750377,"stop":1760529759659,"duration":9282}}]},"aff1006538e6015a4a3af29ba633ec7d":{"statistic":{"failed":0,"broken":0,"skipped":0,"passed":1,"unknown":0,"total":1},"items":[{"uid":"44f5ae4a6f27995c","status":"passed","time":{"start":1760529774347,"stop":1760529777678,"duration":3331}}]},"1202921055d9b4ff39af07423897b3d1":{"statistic":{"failed":0,"broken":0,"skipped":0,"passed":1,"unknown":0,"total":1},"items":[{"uid":"a152f571c782add6","status":"passed","time":{"start":1760529811906,"stop":1760529815143,"duration":3237}}]},"4767cf40381786decb1d59e300276e3f":{"statistic":{"failed":0,"broken":0,"skipped":0,"passed":1,"unknown":0,"total":1},"items":[{"uid":"353fac6eb2e7725a","status":"passed","time":{"start":1760529717656,"stop":1760529721354,"duration":3698}}]}}