{"uid":"b1a8273437954620fa374b796ffaacdd","name":"behaviors","children":[{"name":"脚本名称：邦芒综合服务平台页面遍历","children":[{"name":"登录","children":[{"name":"登录页面","children":[{"name":"使用账号密码登录","uid":"8326d0f2579bbc92","parentUid":"ec192608d480a386d12e508def7475dd","status":"broken","time":{"start":1760491471553,"stop":1760491471553,"duration":0},"flaky":false,"newFailed":false,"newPassed":false,"newBroken":false,"retriesCount":0,"retriesStatusChange":false,"parameters":[],"tags":["smoke"]}],"uid":"ec192608d480a386d12e508def7475dd"}],"uid":"0702b8cf4f28693ac77921462f5919ac"},{"name":"流程审批","children":[{"name":"流程审批Tab","children":[{"name":"进入流程审批Tab","uid":"ebd72b57fc08a4b5","parentUid":"6fca7f68a29504ac9c45696878217282","status":"broken","time":{"start":1760491474488,"stop":1760491474488,"duration":0},"flaky":false,"newFailed":false,"newPassed":false,"newBroken":false,"retriesCount":0,"retriesStatusChange":false,"parameters":[],"tags":["smoke"]}],"uid":"6fca7f68a29504ac9c45696878217282"}],"uid":"6835f819e7535e95070c39afafa6682f"},{"name":"流程审批-工作流","children":[{"name":"请款","children":[{"name":"遍历请款下的页面","uid":"1ab022c44833ec44","parentUid":"f5f1deab9f925d2f24204746fd353cc6","status":"broken","time":{"start":1760491474511,"stop":1760491474511,"duration":0},"flaky":false,"newFailed":false,"newPassed":false,"newBroken":false,"retriesCount":0,"retriesStatusChange":false,"parameters":[],"tags":["smoke"]}],"uid":"f5f1deab9f925d2f24204746fd353cc6"}],"uid":"323f1eb323fd947cfedabd06c0ec445d"}],"uid":"3f1158ede49a8f5d458c781e4a8ac64b"}]}