{"uid":"b1a8273437954620fa374b796ffaacdd","name":"behaviors","children":[{"name":"脚本名称：邦芒综合服务平台页面遍历","children":[{"name":"登录","children":[{"name":"登录页面","children":[{"name":"使用账号密码登录","uid":"df8cac4b7d5fa66d","parentUid":"ec192608d480a386d12e508def7475dd","status":"broken","time":{"start":1760459051021,"stop":1760459051021,"duration":0},"flaky":false,"newFailed":false,"newPassed":false,"newBroken":false,"retriesCount":0,"retriesStatusChange":false,"parameters":[],"tags":["smoke"]}],"uid":"ec192608d480a386d12e508def7475dd"}],"uid":"0702b8cf4f28693ac77921462f5919ac"},{"name":"流程审批","children":[{"name":"流程审批Tab","children":[{"name":"进入流程审批Tab","uid":"1acb31a7219d713e","parentUid":"6fca7f68a29504ac9c45696878217282","status":"broken","time":{"start":1760459052587,"stop":1760459052587,"duration":0},"flaky":false,"newFailed":false,"newPassed":false,"newBroken":false,"retriesCount":0,"retriesStatusChange":false,"parameters":[],"tags":["smoke"]}],"uid":"6fca7f68a29504ac9c45696878217282"}],"uid":"6835f819e7535e95070c39afafa6682f"},{"name":"流程审批-工作流","children":[{"name":"请款","children":[{"name":"遍历请款下的页面","uid":"943e0485d5c1f7a2","parentUid":"f5f1deab9f925d2f24204746fd353cc6","status":"broken","time":{"start":1760459052621,"stop":1760459052621,"duration":0},"flaky":false,"newFailed":false,"newPassed":false,"newBroken":false,"retriesCount":0,"retriesStatusChange":false,"parameters":[],"tags":["smoke"]}],"uid":"f5f1deab9f925d2f24204746fd353cc6"}],"uid":"323f1eb323fd947cfedabd06c0ec445d"}],"uid":"3f1158ede49a8f5d458c781e4a8ac64b"}]}