{"uid":"b1a8273437954620fa374b796ffaacdd","name":"behaviors","children":[{"name":"项目名称：邦芒综合服务平台页面遍历","children":[{"name":"基础配置","children":[{"name":"基础配置页面","children":[{"name":"进入基础配置页面","uid":"400440db2d2fa7e5","parentUid":"06f78792dfae9e1bda7585d3d45bb9ed","status":"passed","time":{"start":1760529715380,"stop":1760529717647,"duration":2267},"flaky":false,"newFailed":false,"newPassed":false,"newBroken":false,"retriesCount":0,"retriesStatusChange":false,"parameters":[],"tags":["smoke"]}],"uid":"06f78792dfae9e1bda7585d3d45bb9ed"},{"name":"居间人管页面","children":[{"name":"进入居间人管页面","uid":"353fac6eb2e7725a","parentUid":"81ba58929257454c69518407d1d18eda","status":"passed","time":{"start":1760529717656,"stop":1760529721354,"duration":3698},"flaky":false,"newFailed":false,"newPassed":false,"newBroken":false,"retriesCount":0,"retriesStatusChange":false,"parameters":[],"tags":["smoke"]}],"uid":"81ba58929257454c69518407d1d18eda"},{"name":"居间人查看页面","children":[{"name":"进入居间人查看页面","uid":"8a230f67e8e907eb","parentUid":"6b7bdd27930d001d69a201a58e1a56a2","status":"passed","time":{"start":1760529721358,"stop":1760529724588,"duration":3230},"flaky":false,"newFailed":false,"newPassed":false,"newBroken":false,"retriesCount":0,"retriesStatusChange":false,"parameters":[],"tags":["smoke"]}],"uid":"6b7bdd27930d001d69a201a58e1a56a2"},{"name":"社公方案管理页面","children":[{"name":"进入社公方案管理页面","uid":"e1c7c9344d347328","parentUid":"535b184648b096d9519b0a238d04b62e","status":"passed","time":{"start":1760529724592,"stop":1760529750361,"duration":25769},"flaky":false,"newFailed":false,"newPassed":false,"newBroken":false,"retriesCount":0,"retriesStatusChange":false,"parameters":[],"tags":["smoke"]}],"uid":"535b184648b096d9519b0a238d04b62e"},{"name":"商业险配置页面","children":[{"name":"进入商业险配置页面","uid":"888ee0cf2a427dca","parentUid":"0030c00c33573b98101a7abc685121af","status":"passed","time":{"start":1760529750377,"stop":1760529759659,"duration":9282},"flaky":false,"newFailed":false,"newPassed":false,"newBroken":false,"retriesCount":0,"retriesStatusChange":false,"parameters":[],"tags":["smoke"]}],"uid":"0030c00c33573b98101a7abc685121af"},{"name":"模板管理页面","children":[{"name":"进入模板管理页面","uid":"6ee521d72d21167a","parentUid":"cc88374b54818494799b8fa74e0798a4","status":"passed","time":{"start":1760529759666,"stop":1760529767378,"duration":7712},"flaky":false,"newFailed":false,"newPassed":false,"newBroken":false,"retriesCount":0,"retriesStatusChange":false,"parameters":[],"tags":["smoke"]}],"uid":"cc88374b54818494799b8fa74e0798a4"},{"name":"内部单位管理页面","children":[{"name":"进入内部单位管理页面","uid":"f5dc6610f8fac18c","parentUid":"d89e8b4e24d51c7b3e60d4357b66eb9b","status":"passed","time":{"start":1760529767385,"stop":1760529771106,"duration":3721},"flaky":false,"newFailed":false,"newPassed":false,"newBroken":false,"retriesCount":0,"retriesStatusChange":false,"parameters":[],"tags":["smoke"]}],"uid":"d89e8b4e24d51c7b3e60d4357b66eb9b"},{"name":"客户品牌页面","children":[{"name":"进入客户品牌页面","uid":"364167d58f0e1925","parentUid":"50cc30eee4527ac0587a78d6c9554a02","status":"passed","time":{"start":1760529771112,"stop":1760529774344,"duration":3232},"flaky":false,"newFailed":false,"newPassed":false,"newBroken":false,"retriesCount":0,"retriesStatusChange":false,"parameters":[],"tags":["smoke"]}],"uid":"50cc30eee4527ac0587a78d6c9554a02"},{"name":"行业分类页面","children":[{"name":"进入行业分类页面","uid":"44f5ae4a6f27995c","parentUid":"b10311b4cf6d6dd55a2b6b2f3edef9db","status":"passed","time":{"start":1760529774347,"stop":1760529777678,"duration":3331},"flaky":false,"newFailed":false,"newPassed":false,"newBroken":false,"retriesCount":0,"retriesStatusChange":false,"parameters":[],"tags":["smoke"]}],"uid":"b10311b4cf6d6dd55a2b6b2f3edef9db"},{"name":"供应商管理页面","children":[{"name":"进入供应商管理页面","uid":"88f9fe7de2aad34","parentUid":"13daf72dc1b0d622073029c859d7c376","status":"passed","time":{"start":1760529777682,"stop":1760529781080,"duration":3398},"flaky":false,"newFailed":false,"newPassed":false,"newBroken":false,"retriesCount":0,"retriesStatusChange":false,"parameters":[],"tags":["smoke"]}],"uid":"13daf72dc1b0d622073029c859d7c376"},{"name":"发票类目配置页面","children":[{"name":"进入发票类目配置页面","uid":"c8d72033aa0a2f24","parentUid":"ccbc20d2625b589b3d474fa310fa0cfd","status":"passed","time":{"start":1760529781084,"stop":1760529792329,"duration":11245},"flaky":false,"newFailed":false,"newPassed":false,"newBroken":false,"retriesCount":0,"retriesStatusChange":false,"parameters":[],"tags":["smoke"]}],"uid":"ccbc20d2625b589b3d474fa310fa0cfd"},{"name":"扩展字段配置页面","children":[{"name":"进入扩展字段配置页面","uid":"9aa58976c7c0fa27","parentUid":"0b5cbd1919b1fc645a417ca8c16917a2","status":"passed","time":{"start":1760529792340,"stop":1760529794534,"duration":2194},"flaky":false,"newFailed":false,"newPassed":false,"newBroken":false,"retriesCount":0,"retriesStatusChange":false,"parameters":[],"tags":["smoke"]}],"uid":"0b5cbd1919b1fc645a417ca8c16917a2"},{"name":"工伤纠纷等级配置盒子页面","children":[{"name":"进入工伤纠纷等级配置盒子页面","uid":"b0d9ef9bb7e295de","parentUid":"a31faadb90716675f9b672df3fdb21c6","status":"passed","time":{"start":1760529794537,"stop":1760529797601,"duration":3064},"flaky":false,"newFailed":false,"newPassed":false,"newBroken":false,"retriesCount":0,"retriesStatusChange":false,"parameters":[],"tags":["smoke"]}],"uid":"a31faadb90716675f9b672df3fdb21c6"},{"name":"人员材料收集模板盒子页面","children":[{"name":"进入人员材料收集模板盒子页面","uid":"2087e0bf5004d1aa","parentUid":"cf79bcbdf086f681b72d6f9e951d9461","status":"passed","time":{"start":1760529797604,"stop":1760529801048,"duration":3444},"flaky":false,"newFailed":false,"newPassed":false,"newBroken":false,"retriesCount":0,"retriesStatusChange":false,"parameters":[],"tags":["smoke"]}],"uid":"cf79bcbdf086f681b72d6f9e951d9461"},{"name":"商业险工种分类维护页面","children":[{"name":"进入商业险工种分类维护页面","uid":"42e5a4e95cdfb008","parentUid":"2ef9289d19a7e57f234bd94e127d0b38","status":"passed","time":{"start":1760529801051,"stop":1760529803225,"duration":2174},"flaky":false,"newFailed":false,"newPassed":false,"newBroken":false,"retriesCount":0,"retriesStatusChange":false,"parameters":[],"tags":["smoke"]}],"uid":"2ef9289d19a7e57f234bd94e127d0b38"},{"name":"材料库配置页面","children":[{"name":"进入材料库配置页面","uid":"dd69576b4b605ddb","parentUid":"24ede5a77438fa2c0279326607c778f7","status":"passed","time":{"start":1760529803229,"stop":1760529806345,"duration":3116},"flaky":false,"newFailed":false,"newPassed":false,"newBroken":false,"retriesCount":0,"retriesStatusChange":false,"parameters":[],"tags":["smoke"]}],"uid":"24ede5a77438fa2c0279326607c778f7"},{"name":"商保保单模板配置页面","children":[{"name":"进入商保保单模板配置页面","uid":"f1754c5c22daddd9","parentUid":"d9cb7e56ef80b4d4d56f8f9dcf483b00","status":"passed","time":{"start":1760529806351,"stop":1760529809464,"duration":3113},"flaky":false,"newFailed":false,"newPassed":false,"newBroken":false,"retriesCount":0,"retriesStatusChange":false,"parameters":[],"tags":["smoke"]}],"uid":"d9cb7e56ef80b4d4d56f8f9dcf483b00"},{"name":"行业分类管理页面","children":[{"name":"进入行业分类管理页面","uid":"698f55db3ce02627","parentUid":"cc401a940678630bec7f87a3d207264a","status":"passed","time":{"start":1760529809468,"stop":1760529811893,"duration":2425},"flaky":false,"newFailed":false,"newPassed":false,"newBroken":false,"retriesCount":0,"retriesStatusChange":false,"parameters":[],"tags":["smoke"]}],"uid":"cc401a940678630bec7f87a3d207264a"},{"name":"政策组配置页面","children":[{"name":"进入政策组配置页面","uid":"a152f571c782add6","parentUid":"22984310e04ea8f4b1e5ea459b78f3b3","status":"passed","time":{"start":1760529811906,"stop":1760529815143,"duration":3237},"flaky":false,"newFailed":false,"newPassed":false,"newBroken":false,"retriesCount":0,"retriesStatusChange":false,"parameters":[],"tags":["smoke"]}],"uid":"22984310e04ea8f4b1e5ea459b78f3b3"}],"uid":"492414d20a9977fb3491881a50280506"}],"uid":"31bd7c7eb21e7299b8ddbb01a9a92eee"}]}