{"uid":"4b4757e66a1912dae1a509f688f20b0f","name":"categories","children":[{"name":"Test defects","children":[{"name":"selenium.common.exceptions.InvalidArgumentException: Message: invalid argument\n  (Session info: MicrosoftEdge=140.0.3485.81)\nStacktrace:\n\tGetHandleVerifier [0x0x7ff733cd3f15+18309]\n\t(No symbol) [0x0x7ff733c415c0]\n\t(No symbol) [0x0x7ff733a40df0]\n\t(No symbol) [0x0x7ff733a31402]\n\t(No symbol) [0x0x7ff733a2fd88]\n\t(No symbol) [0x0x7ff733a3031c]\n\t(No symbol) [0x0x7ff733a4464a]\n\t(No symbol) [0x0x7ff733acd5de]\n\t(No symbol) [0x0x7ff733aafc7a]\n\t(No symbol) [0x0x7ff733a8443b]\n\t(No symbol) [0x0x7ff733acd082]\n\t(No symbol) [0x0x7ff733aaf943]\n\t(No symbol) [0x0x7ff733a838e6]\n\t(No symbol) [0x0x7ff733a82b52]\n\t(No symbol) [0x0x7ff733a83723]\n\t(No symbol) [0x0x7ff733b72f75]\n\t(No symbol) [0x0x7ff733b7e74d]\n\tGetHandleVerifier [0x0x7ff733d69603+630387]\n\tGetHandleVerifier [0x0x7ff733d711a1+662033]\n\t(No symbol) [0x0x7ff733c4d6a9]\n\t(No symbol) [0x0x7ff733c47044]\n\t(No symbol) [0x0x7ff733c47193]\n\t(No symbol) [0x0x7ff733c3b016]\n\tBaseThreadInitThunk [0x0x7fffaadae8d7+23]\n\tRtlUserThreadStart [0x0x7fffacd68d9c+44]","children":[{"name":"使用账号密码登录","uid":"df8cac4b7d5fa66d","parentUid":"7c05fa16868d92ed28736e6b72572266","status":"broken","time":{"start":1760459051021,"stop":1760459051021,"duration":0},"flaky":false,"newFailed":false,"newPassed":false,"newBroken":false,"retriesCount":0,"retriesStatusChange":false,"parameters":[],"tags":["smoke"]},{"name":"进入流程审批Tab","uid":"1acb31a7219d713e","parentUid":"7c05fa16868d92ed28736e6b72572266","status":"broken","time":{"start":1760459052587,"stop":1760459052587,"duration":0},"flaky":false,"newFailed":false,"newPassed":false,"newBroken":false,"retriesCount":0,"retriesStatusChange":false,"parameters":[],"tags":["smoke"]},{"name":"遍历请款下的页面","uid":"943e0485d5c1f7a2","parentUid":"7c05fa16868d92ed28736e6b72572266","status":"broken","time":{"start":1760459052621,"stop":1760459052621,"duration":0},"flaky":false,"newFailed":false,"newPassed":false,"newBroken":false,"retriesCount":0,"retriesStatusChange":false,"parameters":[],"tags":["smoke"]}],"uid":"7c05fa16868d92ed28736e6b72572266"}],"uid":"bdbf199525818fae7a8651db9eafe741"}]}