{"uid":"4b4757e66a1912dae1a509f688f20b0f","name":"categories","children":[{"name":"Test defects","children":[{"name":"selenium.common.exceptions.SessionNotCreatedException: Message: session not created: No matching capabilities found\nStacktrace:\n\tGetHandleVerifier [0x0x7ff7bede3f15+18309]\n\t(No symbol) [0x0x7ff7bed515c0]\n\tGetHandleVerifier [0x0x7ff7befd8f4c+2070460]\n\t(No symbol) [0x0x7ff7bebc9f3b]\n\t(No symbol) [0x0x7ff7bebc90e7]\n\t(No symbol) [0x0x7ff7bebcadf0]\n\t(No symbol) [0x0x7ff7bebbf943]\n\t(No symbol) [0x0x7ff7beb938e6]\n\t(No symbol) [0x0x7ff7beb92b52]\n\t(No symbol) [0x0x7ff7beb93723]\n\t(No symbol) [0x0x7ff7bec82f75]\n\t(No symbol) [0x0x7ff7bec8e74d]\n\tGetHandleVerifier [0x0x7ff7bee79603+630387]\n\tGetHandleVerifier [0x0x7ff7bee811a1+662033]\n\t(No symbol) [0x0x7ff7bed5d6a9]\n\t(No symbol) [0x0x7ff7bed57044]\n\t(No symbol) [0x0x7ff7bed57193]\n\t(No symbol) [0x0x7ff7bed4b016]\n\tBaseThreadInitThunk [0x0x7ffb96b0e8d7+23]\n\tRtlUserThreadStart [0x0x7ffb97328d9c+44]","children":[{"name":"使用账号密码登录","uid":"8326d0f2579bbc92","parentUid":"ed48de7eaa8c8639036c75fc0f402c45","status":"broken","time":{"start":1760491471553,"stop":1760491471553,"duration":0},"flaky":false,"newFailed":false,"newPassed":false,"newBroken":false,"retriesCount":0,"retriesStatusChange":false,"parameters":[],"tags":["smoke"]},{"name":"进入流程审批Tab","uid":"ebd72b57fc08a4b5","parentUid":"ed48de7eaa8c8639036c75fc0f402c45","status":"broken","time":{"start":1760491474488,"stop":1760491474488,"duration":0},"flaky":false,"newFailed":false,"newPassed":false,"newBroken":false,"retriesCount":0,"retriesStatusChange":false,"parameters":[],"tags":["smoke"]},{"name":"遍历请款下的页面","uid":"1ab022c44833ec44","parentUid":"ed48de7eaa8c8639036c75fc0f402c45","status":"broken","time":{"start":1760491474511,"stop":1760491474511,"duration":0},"flaky":false,"newFailed":false,"newPassed":false,"newBroken":false,"retriesCount":0,"retriesStatusChange":false,"parameters":[],"tags":["smoke"]}],"uid":"ed48de7eaa8c8639036c75fc0f402c45"}],"uid":"bdbf199525818fae7a8651db9eafe741"}]}