{"uid":"83edc06c07f9ae9e47eb6dd1b683e4e2","name":"packages","children":[{"name":"script_data.T116_Environment_Page_Traverse.test_case.test_06_basic_configuration_case","children":[{"name":"进入基础配置页面","uid":"400440db2d2fa7e5","parentUid":"a9cacc1d8bffa6b7ee7e463c8f51fdd7","status":"passed","time":{"start":1760529715380,"stop":1760529717647,"duration":2267},"flaky":false,"newFailed":false,"newPassed":false,"newBroken":false,"retriesCount":0,"retriesStatusChange":false,"parameters":[],"tags":["smoke"]},{"name":"进入居间人管页面","uid":"353fac6eb2e7725a","parentUid":"a9cacc1d8bffa6b7ee7e463c8f51fdd7","status":"passed","time":{"start":1760529717656,"stop":1760529721354,"duration":3698},"flaky":false,"newFailed":false,"newPassed":false,"newBroken":false,"retriesCount":0,"retriesStatusChange":false,"parameters":[],"tags":["smoke"]},{"name":"进入居间人查看页面","uid":"8a230f67e8e907eb","parentUid":"a9cacc1d8bffa6b7ee7e463c8f51fdd7","status":"passed","time":{"start":1760529721358,"stop":1760529724588,"duration":3230},"flaky":false,"newFailed":false,"newPassed":false,"newBroken":false,"retriesCount":0,"retriesStatusChange":false,"parameters":[],"tags":["smoke"]},{"name":"进入社公方案管理页面","uid":"e1c7c9344d347328","parentUid":"a9cacc1d8bffa6b7ee7e463c8f51fdd7","status":"passed","time":{"start":1760529724592,"stop":1760529750361,"duration":25769},"flaky":false,"newFailed":false,"newPassed":false,"newBroken":false,"retriesCount":0,"retriesStatusChange":false,"parameters":[],"tags":["smoke"]},{"name":"进入商业险配置页面","uid":"888ee0cf2a427dca","parentUid":"a9cacc1d8bffa6b7ee7e463c8f51fdd7","status":"passed","time":{"start":1760529750377,"stop":1760529759659,"duration":9282},"flaky":false,"newFailed":false,"newPassed":false,"newBroken":false,"retriesCount":0,"retriesStatusChange":false,"parameters":[],"tags":["smoke"]},{"name":"进入模板管理页面","uid":"6ee521d72d21167a","parentUid":"a9cacc1d8bffa6b7ee7e463c8f51fdd7","status":"passed","time":{"start":1760529759666,"stop":1760529767378,"duration":7712},"flaky":false,"newFailed":false,"newPassed":false,"newBroken":false,"retriesCount":0,"retriesStatusChange":false,"parameters":[],"tags":["smoke"]},{"name":"进入内部单位管理页面","uid":"f5dc6610f8fac18c","parentUid":"a9cacc1d8bffa6b7ee7e463c8f51fdd7","status":"passed","time":{"start":1760529767385,"stop":1760529771106,"duration":3721},"flaky":false,"newFailed":false,"newPassed":false,"newBroken":false,"retriesCount":0,"retriesStatusChange":false,"parameters":[],"tags":["smoke"]},{"name":"进入客户品牌页面","uid":"364167d58f0e1925","parentUid":"a9cacc1d8bffa6b7ee7e463c8f51fdd7","status":"passed","time":{"start":1760529771112,"stop":1760529774344,"duration":3232},"flaky":false,"newFailed":false,"newPassed":false,"newBroken":false,"retriesCount":0,"retriesStatusChange":false,"parameters":[],"tags":["smoke"]},{"name":"进入行业分类页面","uid":"44f5ae4a6f27995c","parentUid":"a9cacc1d8bffa6b7ee7e463c8f51fdd7","status":"passed","time":{"start":1760529774347,"stop":1760529777678,"duration":3331},"flaky":false,"newFailed":false,"newPassed":false,"newBroken":false,"retriesCount":0,"retriesStatusChange":false,"parameters":[],"tags":["smoke"]},{"name":"进入供应商管理页面","uid":"88f9fe7de2aad34","parentUid":"a9cacc1d8bffa6b7ee7e463c8f51fdd7","status":"passed","time":{"start":1760529777682,"stop":1760529781080,"duration":3398},"flaky":false,"newFailed":false,"newPassed":false,"newBroken":false,"retriesCount":0,"retriesStatusChange":false,"parameters":[],"tags":["smoke"]},{"name":"进入发票类目配置页面","uid":"c8d72033aa0a2f24","parentUid":"a9cacc1d8bffa6b7ee7e463c8f51fdd7","status":"passed","time":{"start":1760529781084,"stop":1760529792329,"duration":11245},"flaky":false,"newFailed":false,"newPassed":false,"newBroken":false,"retriesCount":0,"retriesStatusChange":false,"parameters":[],"tags":["smoke"]},{"name":"进入扩展字段配置页面","uid":"9aa58976c7c0fa27","parentUid":"a9cacc1d8bffa6b7ee7e463c8f51fdd7","status":"passed","time":{"start":1760529792340,"stop":1760529794534,"duration":2194},"flaky":false,"newFailed":false,"newPassed":false,"newBroken":false,"retriesCount":0,"retriesStatusChange":false,"parameters":[],"tags":["smoke"]},{"name":"进入工伤纠纷等级配置盒子页面","uid":"b0d9ef9bb7e295de","parentUid":"a9cacc1d8bffa6b7ee7e463c8f51fdd7","status":"passed","time":{"start":1760529794537,"stop":1760529797601,"duration":3064},"flaky":false,"newFailed":false,"newPassed":false,"newBroken":false,"retriesCount":0,"retriesStatusChange":false,"parameters":[],"tags":["smoke"]},{"name":"进入人员材料收集模板盒子页面","uid":"2087e0bf5004d1aa","parentUid":"a9cacc1d8bffa6b7ee7e463c8f51fdd7","status":"passed","time":{"start":1760529797604,"stop":1760529801048,"duration":3444},"flaky":false,"newFailed":false,"newPassed":false,"newBroken":false,"retriesCount":0,"retriesStatusChange":false,"parameters":[],"tags":["smoke"]},{"name":"进入商业险工种分类维护页面","uid":"42e5a4e95cdfb008","parentUid":"a9cacc1d8bffa6b7ee7e463c8f51fdd7","status":"passed","time":{"start":1760529801051,"stop":1760529803225,"duration":2174},"flaky":false,"newFailed":false,"newPassed":false,"newBroken":false,"retriesCount":0,"retriesStatusChange":false,"parameters":[],"tags":["smoke"]},{"name":"进入材料库配置页面","uid":"dd69576b4b605ddb","parentUid":"a9cacc1d8bffa6b7ee7e463c8f51fdd7","status":"passed","time":{"start":1760529803229,"stop":1760529806345,"duration":3116},"flaky":false,"newFailed":false,"newPassed":false,"newBroken":false,"retriesCount":0,"retriesStatusChange":false,"parameters":[],"tags":["smoke"]},{"name":"进入商保保单模板配置页面","uid":"f1754c5c22daddd9","parentUid":"a9cacc1d8bffa6b7ee7e463c8f51fdd7","status":"passed","time":{"start":1760529806351,"stop":1760529809464,"duration":3113},"flaky":false,"newFailed":false,"newPassed":false,"newBroken":false,"retriesCount":0,"retriesStatusChange":false,"parameters":[],"tags":["smoke"]},{"name":"进入行业分类管理页面","uid":"698f55db3ce02627","parentUid":"a9cacc1d8bffa6b7ee7e463c8f51fdd7","status":"passed","time":{"start":1760529809468,"stop":1760529811893,"duration":2425},"flaky":false,"newFailed":false,"newPassed":false,"newBroken":false,"retriesCount":0,"retriesStatusChange":false,"parameters":[],"tags":["smoke"]},{"name":"进入政策组配置页面","uid":"a152f571c782add6","parentUid":"a9cacc1d8bffa6b7ee7e463c8f51fdd7","status":"passed","time":{"start":1760529811906,"stop":1760529815143,"duration":3237},"flaky":false,"newFailed":false,"newPassed":false,"newBroken":false,"retriesCount":0,"retriesStatusChange":false,"parameters":[],"tags":["smoke"]}],"uid":"script_data.T116_Environment_Page_Traverse.test_case.test_06_basic_configuration_case"}]}