{"uid":"83edc06c07f9ae9e47eb6dd1b683e4e2","name":"packages","children":[{"name":"script_data.T116_Environment_Page_Traverse.test_case.test_01_process_approval_case","children":[{"name":"使用账号密码登录","uid":"8326d0f2579bbc92","parentUid":"2d772b419f29a81ca09fc8fa0a4305ab","status":"broken","time":{"start":1760491471553,"stop":1760491471553,"duration":0},"flaky":false,"newFailed":false,"newPassed":false,"newBroken":false,"retriesCount":0,"retriesStatusChange":false,"parameters":[],"tags":["smoke"]},{"name":"进入流程审批Tab","uid":"ebd72b57fc08a4b5","parentUid":"2d772b419f29a81ca09fc8fa0a4305ab","status":"broken","time":{"start":1760491474488,"stop":1760491474488,"duration":0},"flaky":false,"newFailed":false,"newPassed":false,"newBroken":false,"retriesCount":0,"retriesStatusChange":false,"parameters":[],"tags":["smoke"]},{"name":"遍历请款下的页面","uid":"1ab022c44833ec44","parentUid":"2d772b419f29a81ca09fc8fa0a4305ab","status":"broken","time":{"start":1760491474511,"stop":1760491474511,"duration":0},"flaky":false,"newFailed":false,"newPassed":false,"newBroken":false,"retriesCount":0,"retriesStatusChange":false,"parameters":[],"tags":["smoke"]}],"uid":"script_data.T116_Environment_Page_Traverse.test_case.test_01_process_approval_case"}]}