{"uid":"83edc06c07f9ae9e47eb6dd1b683e4e2","name":"packages","children":[{"name":"script_data.T116_Environment_Page_Traverse.test_case.test_01_process_approval_case","children":[{"name":"使用账号密码登录","uid":"df8cac4b7d5fa66d","parentUid":"2d772b419f29a81ca09fc8fa0a4305ab","status":"broken","time":{"start":1760459051021,"stop":1760459051021,"duration":0},"flaky":false,"newFailed":false,"newPassed":false,"newBroken":false,"retriesCount":0,"retriesStatusChange":false,"parameters":[],"tags":["smoke"]},{"name":"进入流程审批Tab","uid":"1acb31a7219d713e","parentUid":"2d772b419f29a81ca09fc8fa0a4305ab","status":"broken","time":{"start":1760459052587,"stop":1760459052587,"duration":0},"flaky":false,"newFailed":false,"newPassed":false,"newBroken":false,"retriesCount":0,"retriesStatusChange":false,"parameters":[],"tags":["smoke"]},{"name":"遍历请款下的页面","uid":"943e0485d5c1f7a2","parentUid":"2d772b419f29a81ca09fc8fa0a4305ab","status":"broken","time":{"start":1760459052621,"stop":1760459052621,"duration":0},"flaky":false,"newFailed":false,"newPassed":false,"newBroken":false,"retriesCount":0,"retriesStatusChange":false,"parameters":[],"tags":["smoke"]}],"uid":"script_data.T116_Environment_Page_Traverse.test_case.test_01_process_approval_case"}]}