{"uid":"98d3104e051c652961429bf95fa0b5d6","name":"suites","children":[{"name":"script_data.T116_Environment_Page_Traverse.test_case","children":[{"name":"test_01_process_approval_case","children":[{"name":"Test_01_case","children":[{"name":"使用账号密码登录","uid":"df8cac4b7d5fa66d","parentUid":"9acc4446cb9b4bb120e35c0a91aa6205","status":"broken","time":{"start":1760459051021,"stop":1760459051021,"duration":0},"flaky":false,"newFailed":false,"newPassed":false,"newBroken":false,"retriesCount":0,"retriesStatusChange":false,"parameters":[],"tags":["smoke"]},{"name":"进入流程审批Tab","uid":"1acb31a7219d713e","parentUid":"9acc4446cb9b4bb120e35c0a91aa6205","status":"broken","time":{"start":1760459052587,"stop":1760459052587,"duration":0},"flaky":false,"newFailed":false,"newPassed":false,"newBroken":false,"retriesCount":0,"retriesStatusChange":false,"parameters":[],"tags":["smoke"]},{"name":"遍历请款下的页面","uid":"943e0485d5c1f7a2","parentUid":"9acc4446cb9b4bb120e35c0a91aa6205","status":"broken","time":{"start":1760459052621,"stop":1760459052621,"duration":0},"flaky":false,"newFailed":false,"newPassed":false,"newBroken":false,"retriesCount":0,"retriesStatusChange":false,"parameters":[],"tags":["smoke"]}],"uid":"9acc4446cb9b4bb120e35c0a91aa6205"}],"uid":"60f4bddcf51f946f981649e3c41c723a"}],"uid":"3f6d0669e26bb462007fa4d196e46182"}]}