{"uid":"98d3104e051c652961429bf95fa0b5d6","name":"suites","children":[{"name":"script_data.T116_Environment_Page_Traverse.test_case","children":[{"name":"test_01_process_approval_case","children":[{"name":"Test_01_case","children":[{"name":"使用账号密码登录","uid":"8326d0f2579bbc92","parentUid":"9acc4446cb9b4bb120e35c0a91aa6205","status":"broken","time":{"start":1760491471553,"stop":1760491471553,"duration":0},"flaky":false,"newFailed":false,"newPassed":false,"newBroken":false,"retriesCount":0,"retriesStatusChange":false,"parameters":[],"tags":["smoke"]},{"name":"进入流程审批Tab","uid":"ebd72b57fc08a4b5","parentUid":"9acc4446cb9b4bb120e35c0a91aa6205","status":"broken","time":{"start":1760491474488,"stop":1760491474488,"duration":0},"flaky":false,"newFailed":false,"newPassed":false,"newBroken":false,"retriesCount":0,"retriesStatusChange":false,"parameters":[],"tags":["smoke"]},{"name":"遍历请款下的页面","uid":"1ab022c44833ec44","parentUid":"9acc4446cb9b4bb120e35c0a91aa6205","status":"broken","time":{"start":1760491474511,"stop":1760491474511,"duration":0},"flaky":false,"newFailed":false,"newPassed":false,"newBroken":false,"retriesCount":0,"retriesStatusChange":false,"parameters":[],"tags":["smoke"]}],"uid":"9acc4446cb9b4bb120e35c0a91aa6205"}],"uid":"60f4bddcf51f946f981649e3c41c723a"}],"uid":"3f6d0669e26bb462007fa4d196e46182"}]}