{"uid":"ab17fc5a4eb3bca4b216b548c7f9fcbc","name":"timeline","children":[{"name":"ThinkBook","children":[{"name":"23076-MainThread","children":[{"name":"进入流程审批Tab","uid":"1acb31a7219d713e","parentUid":"028e4c7107a34e765522d9e87132c825","status":"broken","time":{"start":1760459052587,"stop":1760459052587,"duration":0},"flaky":false,"newFailed":false,"newPassed":false,"newBroken":false,"retriesCount":0,"retriesStatusChange":false,"parameters":[],"tags":["smoke"]},{"name":"使用账号密码登录","uid":"df8cac4b7d5fa66d","parentUid":"028e4c7107a34e765522d9e87132c825","status":"broken","time":{"start":1760459051021,"stop":1760459051021,"duration":0},"flaky":false,"newFailed":false,"newPassed":false,"newBroken":false,"retriesCount":0,"retriesStatusChange":false,"parameters":[],"tags":["smoke"]},{"name":"遍历请款下的页面","uid":"943e0485d5c1f7a2","parentUid":"028e4c7107a34e765522d9e87132c825","status":"broken","time":{"start":1760459052621,"stop":1760459052621,"duration":0},"flaky":false,"newFailed":false,"newPassed":false,"newBroken":false,"retriesCount":0,"retriesStatusChange":false,"parameters":[],"tags":["smoke"]}],"uid":"028e4c7107a34e765522d9e87132c825"}],"uid":"a299432892b4bf79faa75e6174b16782"}]}