{"uid":"ab17fc5a4eb3bca4b216b548c7f9fcbc","name":"timeline","children":[{"name":"ThinkBook","children":[{"name":"23448-MainThread","children":[{"name":"使用账号密码登录","uid":"8326d0f2579bbc92","parentUid":"6c71a6efd36dc58d17998a9e51341eb1","status":"broken","time":{"start":1760491471553,"stop":1760491471553,"duration":0},"flaky":false,"newFailed":false,"newPassed":false,"newBroken":false,"retriesCount":0,"retriesStatusChange":false,"parameters":[],"tags":["smoke"]},{"name":"遍历请款下的页面","uid":"1ab022c44833ec44","parentUid":"6c71a6efd36dc58d17998a9e51341eb1","status":"broken","time":{"start":1760491474511,"stop":1760491474511,"duration":0},"flaky":false,"newFailed":false,"newPassed":false,"newBroken":false,"retriesCount":0,"retriesStatusChange":false,"parameters":[],"tags":["smoke"]},{"name":"进入流程审批Tab","uid":"ebd72b57fc08a4b5","parentUid":"6c71a6efd36dc58d17998a9e51341eb1","status":"broken","time":{"start":1760491474488,"stop":1760491474488,"duration":0},"flaky":false,"newFailed":false,"newPassed":false,"newBroken":false,"retriesCount":0,"retriesStatusChange":false,"parameters":[],"tags":["smoke"]}],"uid":"6c71a6efd36dc58d17998a9e51341eb1"}],"uid":"a299432892b4bf79faa75e6174b16782"}]}