[{"uid":"dd69576b4b605ddb","name":"进入材料库配置页面","time":{"start":1760529803229,"stop":1760529806345,"duration":3116},"status":"passed","severity":"normal"},{"uid":"e1c7c9344d347328","name":"进入社公方案管理页面","time":{"start":1760529724592,"stop":1760529750361,"duration":25769},"status":"passed","severity":"normal"},{"uid":"c8d72033aa0a2f24","name":"进入发票类目配置页面","time":{"start":1760529781084,"stop":1760529792329,"duration":11245},"status":"passed","severity":"normal"},{"uid":"f1754c5c22daddd9","name":"进入商保保单模板配置页面","time":{"start":1760529806351,"stop":1760529809464,"duration":3113},"status":"passed","severity":"normal"},{"uid":"44f5ae4a6f27995c","name":"进入行业分类页面","time":{"start":1760529774347,"stop":1760529777678,"duration":3331},"status":"passed","severity":"normal"},{"uid":"353fac6eb2e7725a","name":"进入居间人管页面","time":{"start":1760529717656,"stop":1760529721354,"duration":3698},"status":"passed","severity":"normal"},{"uid":"9aa58976c7c0fa27","name":"进入扩展字段配置页面","time":{"start":1760529792340,"stop":1760529794534,"duration":2194},"status":"passed","severity":"normal"},{"uid":"b0d9ef9bb7e295de","name":"进入工伤纠纷等级配置盒子页面","time":{"start":1760529794537,"stop":1760529797601,"duration":3064},"status":"passed","severity":"normal"},{"uid":"888ee0cf2a427dca","name":"进入商业险配置页面","time":{"start":1760529750377,"stop":1760529759659,"duration":9282},"status":"passed","severity":"normal"},{"uid":"8a230f67e8e907eb","name":"进入居间人查看页面","time":{"start":1760529721358,"stop":1760529724588,"duration":3230},"status":"passed","severity":"normal"},{"uid":"f5dc6610f8fac18c","name":"进入内部单位管理页面","time":{"start":1760529767385,"stop":1760529771106,"duration":3721},"status":"passed","severity":"normal"},{"uid":"2087e0bf5004d1aa","name":"进入人员材料收集模板盒子页面","time":{"start":1760529797604,"stop":1760529801048,"duration":3444},"status":"passed","severity":"normal"},{"uid":"698f55db3ce02627","name":"进入行业分类管理页面","time":{"start":1760529809468,"stop":1760529811893,"duration":2425},"status":"passed","severity":"normal"},{"uid":"364167d58f0e1925","name":"进入客户品牌页面","time":{"start":1760529771112,"stop":1760529774344,"duration":3232},"status":"passed","severity":"normal"},{"uid":"400440db2d2fa7e5","name":"进入基础配置页面","time":{"start":1760529715380,"stop":1760529717647,"duration":2267},"status":"passed","severity":"normal"},{"uid":"a152f571c782add6","name":"进入政策组配置页面","time":{"start":1760529811906,"stop":1760529815143,"duration":3237},"status":"passed","severity":"normal"},{"uid":"6ee521d72d21167a","name":"进入模板管理页面","time":{"start":1760529759666,"stop":1760529767378,"duration":7712},"status":"passed","severity":"normal"},{"uid":"88f9fe7de2aad34","name":"进入供应商管理页面","time":{"start":1760529777682,"stop":1760529781080,"duration":3398},"status":"passed","severity":"normal"},{"uid":"42e5a4e95cdfb008","name":"进入商业险工种分类维护页面","time":{"start":1760529801051,"stop":1760529803225,"duration":2174},"status":"passed","severity":"normal"}]